{
  "mode": "hotspot_burst",
  "num_gpus": 8,
  "num_phases": 8,
  "phase_scales": [
    1.0,
    1.2474873734152916,
    1.35,
    1.2474873734152916,
    1.0,
    0.7525126265847084,
    0.65,
    0.7525126265847083
  ],
  "phase_src_load": [
    [
      3.3333333333333335,
      0.6666666666666666,
      0.6666666666666666,
      0.6666666666666666,
      0.6666666666666666,
      0.6666666666666666,
      0.6666666666666666,
      0.6666666666666666
    ],
    [
      3.3333333333333335,
      0.6666666666666666,
      0.6666666666666666,
      0.6666666666666666,
      0.6666666666666666,
      0.6666666666666666,
      0.6666666666666666,
      0.6666666666666666
    ],
    [
      1.6363636363636362,
      0.9090909090909091,
      0.9090909090909091,
      0.9090909090909091,
      0.9090909090909091,
      0.9090909090909091,
      0.9090909090909091,
      0.9090909090909091
    ],
    [
      1.6363636363636362,
      0.9090909090909091,
      0.9090909090909091,
      0.9090909090909091,
      0.9090909090909091,
      0.9090909090909091,
      0.9090909090909091,
      0.9090909090909091
    ],
    [
      0.6666666666666666,
      3.3333333333333335,
      0.6666666666666666,
      0.6666666666666666,
      0.6666666666666666,
      0.6666666666666666,
      0.6666666666666666,
      0.6666666666666666
    ],
    [
      0.6666666666666666,
      3.3333333333333335,
      0.6666666666666666,
      0.6666666666666666,
      0.6666666666666666,
      0.6666666666666666,
      0.6666666666666666,
      0.6666666666666666
    ],
    [
      0.9090909090909091,
      1.6363636363636362,
      0.9090909090909091,
      0.9090909090909091,
      0.9090909090909091,
      0.9090909090909091,
      0.9090909090909091,
      0.9090909090909091
    ],
    [
      0.9090909090909091,
      1.6363636363636362,
      0.9090909090909091,
      0.9090909090909091,
      0.9090909090909091,
      0.9090909090909091,
      0.9090909090909091,
      0.9090909090909091
    ]
  ],
  "hotspot_gpu_trace": [
    0,
    0,
    0,
    0,
    1,
    1,
    1,
    1
  ],
  "description": "Controllable MoE gate trace with non-uniform and time-varying load."
}